CNT: Country code 3-character,WEALTH: Wealth - mean (country),WEALTH: Wealth - median (country),WEALTH: Wealth Inequality (country),"ESCS: Index of economic, social and cultural status (country)",ST57Q01: Out-of-School Study Time - Homework - mean (country),ST69Q01: Min in <class period> - <test lang> - mean (country),ST69Q02: Min in <class period> - <Maths> - mean (country),ST69Q03: Min in <class period> - <Science> - mean (country),IC05Q01: Internet at School - mean (country),IC06Q01: Internet out-of-school - Weekday - mean (country),IC07Q01: Internet out-of-school - Weekend - mean (country),ATSCHL: Attitude towards School: Learning Outcomes - mean (country),ICTRES: ICT resources - mean (country),INSTMOT: Instrumental Motivation for Mathematics - mean (country),INTMAT: Mathematics Interest - mean (country),LMINS: Learning time (minutes per week) - <test language> - mean (country),MMINS: Learning time (minutes per week) - <Mathematics> - mean (country),SMINS: Learning time (minutes per week) - <Science> - mean (country),MATWKETH: Mathematics Work Ethic - mean (country),PERSEV: Perseverance - mean (country),PARED: Highest parental education in years - mean (country),OUTHOURS: Out-of-School Study Time - mean (country),OPENPS: Openness for Problem Solving - mean (country),TCHBEHSO: Teacher Behaviour: Student Orientation - mean (country),TCHBEHTD: Teacher Behaviour: Teacher-directed Instruction - mean (country),TEACHSUP: Teacher Support - mean (country),Math (country),Math.ChangeRel (country),Math.Quantity (country),Math.SpaceShape (country),Math.UncData (country),Mean.Employ (country),Math.Formulate (country),Math.Interpret (country),Reading (country),Science (country),WEALTH: Wealth - mean (country) - scaled,WEALTH: Wealth - median (country) - scaled,WEALTH: Wealth Inequality (country) - scaled,"ESCS: Index of economic, social and cultural status (country) - scaled",ST57Q01: Out-of-School Study Time - Homework - mean (country) - scaled,ST69Q01: Min in <class period> - <test lang> - mean (country) - scaled,ST69Q02: Min in <class period> - <Maths> - mean (country) - scaled,ST69Q03: Min in <class period> - <Science> - mean (country) - scaled,IC05Q01: Internet at School - mean (country) - scaled,IC06Q01: Internet out-of-school - Weekday - mean (country) - scaled,IC07Q01: Internet out-of-school - Weekend - mean (country) - scaled,ATSCHL: Attitude towards School: Learning Outcomes - mean (country) - scaled,ICTRES: ICT resources - mean (country) - scaled,INSTMOT: Instrumental Motivation for Mathematics - mean (country) - scaled,INTMAT: Mathematics Interest - mean (country) - scaled,LMINS: Learning time (minutes per week) - <test language> - mean (country) - scaled,MMINS: Learning time (minutes per week) - <Mathematics> - mean (country) - scaled,SMINS: Learning time (minutes per week) - <Science> - mean (country) - scaled,MATWKETH: Mathematics Work Ethic - mean (country) - scaled,PERSEV: Perseverance - mean (country) - scaled,PARED: Highest parental education in years - mean (country) - scaled,OUTHOURS: Out-of-School Study Time - mean (country) - scaled,OPENPS: Openness for Problem Solving - mean (country) - scaled,TCHBEHSO: Teacher Behaviour: Student Orientation - mean (country) - scaled,TCHBEHTD: Teacher Behaviour: Teacher-directed Instruction - mean (country) - scaled,TEACHSUP: Teacher Support - mean (country) - scaled,Math (country) - scaled,Math.ChangeRel (country) - scaled,Math.Quantity (country) - scaled,Math.SpaceShape (country) - scaled,Math.UncData (country) - scaled,Mean.Employ (country) - scaled,Math.Formulate (country) - scaled,Math.Interpret (country) - scaled,Reading (country) - scaled,Science (country) - scaled
Albania,-1.2073777173913,-1.17,-0.0591178085216933,,5.02642559109875,44.8494740660138,44.9290134692392,44.8614259597806,99,99,99,0.527448789571695,-1.43050924868691,0.536287222012816,0.941315295001879,175.873076923077,171.165197393637,149.358542319749,0.566419916540212,0.640325755836204,12.1205987771453,16.9452420701169,0.506480695718654,0.959634138187221,1.01665733333333,0.6180014803849,394.33,387.84,386.19,417.58,386.07,397.05,397.89,378.83,393.96,397.37,-0.131323771442474,-0.0974025974025973,0.0440022367822318,,-0.303353858854104,-0.402418910759664,-0.401514948785507,-0.377595200323131,0.5,0.5,0.5,0.5,-0.193576626146161,0.483360763093562,0.5,-0.234149625191884,-0.348661168895626,-0.29713715155619,0.319301250980304,0.400385316693864,-0.0445987382435817,0.145608669851419,0.416639288163131,0.426076396001138,0.5,0.5,-0.392754926813313,-0.359957750582751,-0.395964635854342,-0.326332333190456,-0.442092011902037,-0.381060327574235,-0.384640918498848,-0.450187746565902,-0.447098792062123,-0.382807593836047
Argentina,-0.848239508700102,-0.945,-0.055739763495805,-0.626648908747208,3.68157739846969,104.716837704295,104.803761242845,91.3799743260591,97.0125253893026,97.0128639133379,97.0125253893026,0.0568114011720831,-0.655050713426165,0.135560585885486,0.161268240912709,266.146698299723,278.499786598378,222.214188883868,0.0223123243243243,0.0572762387079113,12.7636459989401,9.80405976881872,-0.123328344733242,0.373059096910483,0.23258731284476,0.328910505836576,388.43,378.89,391.41,385.04,388.86,387.13,382.98,389.6,395.98,405.63,-0.020772779048127,-0.0243506493506493,0.105542406403304,-0.037611626032204,-0.426101836981114,0.5,0.5,0.5,0.479523008037072,0.479340115554554,0.478999493702229,0.0104341679222271,0.049623348581375,0.125105579919028,-0.108679623906347,0.126539160272837,0.08491239387975,0.0408231692429207,-0.0820495519257634,-0.0242073471233034,0.042532959770853,-0.231238243464136,-0.0500278724174663,0.0705227429586808,-0.0853487983704611,0.22818962767615,-0.416877913157249,-0.392555361305361,-0.37311799719888,-0.442563223317617,-0.429320210574502,-0.421578237961034,-0.442867184754169,-0.398997100622653,-0.436205780845556,-0.34290613980001
Australia,0.496489032620922,0.43,-0.0468090646002932,0.189072289156627,5.71856153674336,56.5693827708703,56.6152903153906,56.4158439116126,7.59774877425592,8.66763345072854,9.02796768178993,0.0589504716981132,0.451907778951074,0.231212538388224,0.0954678238780694,233.019440215482,235.801301775148,227.791550474066,-0.0549686685732444,0.0658643940197222,13.1221291347682,9.51445337970006,-0.0933234083191851,0.0290155039589129,0.0240537054860443,0.293194221508828,504.15,509,499.81,496.52,507.75,500.46,497.83,514.15,511.8,521.49,0.393165563201236,0.422077922077922,0.268239090625262,0.273656172420469,-0.240180715310805,-0.225757260656927,-0.225558411777837,-0.159615446156817,-0.441719282183112,-0.439168820453785,-0.450682952703906,0.012659269173766,0.396788625806742,0.210619755108475,-0.160024440713958,-0.00582099435448663,-0.08756634132652,0.0666952464411786,-0.139054432931928,-0.0179532166695515,0.0911067554044836,-0.246521045276378,-0.0277952311239997,-0.138019979918734,-0.241029915231963,0.194608307621737,0.0562597105241639,0.0813301282051281,0.101321778711485,-0.0443634804972138,0.114923323414969,0.0413143814075072,0.00564298824540166,0.192998716669043,0.188362812769629,0.216776967296266
Austria,0.273149439864722,0.09,-0.0454185760977851,0.108332978949607,4.60131578947368,49.8457990115321,49.8457990115321,49.8457990115321,5.53627760252366,7.00462670872766,7.38170347003155,0.285049663569369,0.104007189680694,-0.398787684413085,-0.324346572709801,143.464957264957,155.840096286107,199.740585774059,0.116697300771208,-0.0258530089628681,13.8344849924422,8.13651208360549,0.0555035485933504,-0.257120398329586,-0.0962107795957652,-0.434918138041734,505.54,506.4,510.25,500.96,498.55,509.68,499.45,508.64,489.61,505.78,0.324416504976198,0.311688311688312,0.293570576039076,0.242847181062506,-0.342154794838887,-0.327106121935722,-0.327484479661702,-0.28356256129074,-0.462958662242693,-0.456458792364792,-0.468078084073507,0.247851886099002,0.287679742905865,-0.352609201670839,-0.487610408362986,-0.363636458005557,-0.410566270841935,-0.0634266243515774,-0.0124282369116611,-0.0847443472798216,0.187629644184606,-0.319236304774638,0.0824805015812511,-0.311461838446903,-0.33081356973952,-0.489980659059936,0.0619429225611253,0.0718604312354311,0.147015056022409,-0.0285040720102872,0.0728084229800869,0.0789731650533023,0.0119693833717343,0.166809258995199,0.0687014667817084,0.140886913675668
Belgium,0.120191697048101,0.08,-0.0436745233839941,0.175148597242035,5.54079382579934,51.6709367493995,52.101996007984,51.9011063445473,11.6936140514133,13.2896359195068,13.8044666744213,-0.110607846748941,0.315670236554078,-0.368295350957156,-0.256364795918367,217.177139313766,216.420304777595,190.75567516967,0.0877125091709464,-0.314315366212735,14.4817320703654,8.17810963394646,-0.273633112582781,-0.271829165902841,-0.115357686676428,-0.178373328448434,514.75,513.3,518.81,508.81,507.86,515.62,512.32,512.95,509.11,505.46,0.277332597295085,0.308441558441559,0.325343183867642,0.268343086356597,-0.25640606120058,-0.29959465810471,-0.293513642283027,-0.244788181737001,-0.399519497637357,-0.391114720106827,-0.400212422596931,-0.163718471529141,0.354061690243708,-0.325348631689157,-0.434563451627521,-0.0691190008381924,-0.165855064287383,-0.105105525211212,-0.0338083270762813,-0.29481055448457,0.275330414863489,-0.317041162879908,-0.161398612957714,-0.320377587795939,-0.345107725566563,-0.248770983378243,0.0995993131081856,0.0969915501165499,0.184480042016807,-0.000464352050292771,0.11542687113756,0.103234897684107,0.0622290779864884,0.187295023527734,0.173856773080242,0.139341094633109
Brazil,-1.14973982020095,-1.25,-0.0618761663319264,-1.2449548836473,3.42969432314411,53.7849121535954,54.1272910557185,52.4037243595803,97,97,97,0.229044050295612,-1.31586154841492,0.403797621936423,0.487780912461712,206.735748096316,209.51277258567,156.6907644026,0.307315394119101,0.147677873897854,10.0836121289363,9.44056183624529,0.205238619652406,0.449625829714005,0.329047010713994,0.466642482869811,388.51,367.78,389.33,378.01,399.64,384.81,373.27,397.87,406.53,401.62,-0.113581502366906,-0.123376623376623,-0.00624866461678286,-0.273548536917748,-0.449091895182543,-0.267729360124438,-0.263019421778959,-0.235306046694527,0.47939395869239,0.479206371839234,0.478867145084785,0.189593797516986,-0.157620715493449,0.36491321889536,0.146101942253359,-0.110837640894415,-0.193757750314585,-0.263124686577105,0.128177639404149,0.0416256052608758,-0.320606626118105,-0.250420371591853,0.193429116101497,0.116933823611828,-0.0133366479712523,0.357688585631496,-0.416550821816993,-0.433020104895105,-0.382221638655462,-0.467673953421917,-0.379972533760586,-0.431054200874076,-0.480786503690397,-0.359689148723799,-0.379314063848145,-0.362277184677069
Bulgaria,-0.444635406698565,-0.52,-0.0517776920117534,-0.22982635539263,5.72768,42.0866459627329,42.1201743462018,42.7805564238825,97,97,97,-0.095346062052506,-0.306954764196343,-0.0352619187757504,0.206194095293774,139.505161290323,133.700064226076,256.673206818913,0.102581095564156,0.584907597965899,13.8262390670554,12.356346749226,0.377478151260504,0.670953654927493,0.543791701000589,0.214663167104112,438.74,434.47,442.6,442.08,431.57,439.03,436.7,440.99,436.13,446.47,0.103465836980233,0.113636363636364,0.177722187700098,0.113810309399232,-0.239348448193584,-0.444064778826329,-0.443806742109237,-0.416851823354959,0.47939395869239,0.479206371839234,0.478867145084785,-0.147842877052236,0.158793500441247,-0.0276121138414092,-0.0736234667104604,-0.379457846125349,-0.5,0.200670501673096,-0.0228407920292329,0.360028292834404,0.186512336689441,-0.0965516565824199,0.321052773420881,0.251092134547311,0.146981363342798,0.120771498395573,-0.211178346553275,-0.190122377622378,-0.149072128851541,-0.238819831404486,-0.233806363012131,-0.209594412449455,-0.233080798219237,-0.154736441846095,-0.219693701466782,-0.145620984493503
Canada,0.508481898100009,0.44,-0.0512992423899926,0.408898847631242,4.822419695535,68.3297942447097,68.3225097119402,68.4132713315619,97,97,97,0.0291704903928879,0.312381920476573,0.273869414347426,0.0589755752212389,301.557457397074,303.558579613993,294.928571428571,0.169839099829352,0.195640984305092,15.0106433753341,7.91873297979074,0.132614462457338,0.0976010856367402,0.24022146529563,0.270786749482402,518.07,525.06,515.43,510.14,516.46,516.55,515.96,521.15,523.12,525.44,0.396857242750445,0.425324675324675,0.18643843353242,0.357538912103652,-0.321974035721418,-0.0484850865149314,-0.0492865494794281,0.0667218986173601,0.47939395869239,0.479206371839234,0.478867145084785,-0.0183184255149826,0.353030405719028,0.248755595186651,-0.18849975905725,0.268023056636294,0.186136335268356,0.378128199264027,0.0267708186152026,0.0765536589072784,0.346996909234347,-0.330728713117483,0.139617076179898,-0.0964466902361128,-0.0796495089614498,0.173540256902218,0.113173603728842,0.139823717948718,0.16968662464986,0.00428632661808837,0.154795147631037,0.10703345178287,0.076443941109853,0.226270259993346,0.24940681622088,0.235858171102846
Chile,-0.263304309327037,-0.49,-0.0674998355808417,-0.208302779420461,3.79244391971665,61.6111531667928,61.6111531667928,61.6111531667928,8.33401400233372,7.70361726954493,7.3919194865811,0.305191366266133,-0.504248375664501,0.320601503759399,0.287091351470914,359.616924719701,381.258029978587,302.726241134752,0.179284084880637,0.287449013522501,13.4271567891973,8.22467060427079,0.224357028824834,0.310635581188997,0.324243946784922,0.392504987807581,422.63,411.05,421.44,418.72,430.28,416.23,419.74,432.65,441.4,444.93,0.159283715115318,0.123376623376623,-0.108698915225874,0.12202340490895,-0.415982745919665,-0.149759443607916,-0.15033730087394,-0.0616033923274325,-0.434133526331548,-0.449191517460032,-0.467970137275731,0.26880366273905,0.0969181078300534,0.290534732740899,-0.0104984139244423,0.5,0.5,0.414299767010213,0.0337377354309213,0.143410786029548,0.132437433107419,-0.314584096639699,0.207595209552479,0.0326846020752601,-0.0169223834615934,0.287982707862374,-0.277046365197481,-0.275422494172494,-0.241684173669468,-0.322260322903272,-0.239711604486153,-0.302720254870727,-0.299312687936892,-0.194377109178193,-0.191274805867127,-0.153060238635815
China-Shanghai,-0.776292069632495,-0.84,-0.0523562528417668,-0.377155022256629,13.8281101614435,40.9935483870968,41.1697947214076,40.9102333931777,1.9410855707939,2.81668920224068,4.36063357156654,-0.226697513013303,-0.574768724598413,0.0217694994179278,0.436743306169965,248.00611995104,269.699209245742,263.383090740167,0.324754553389584,0.252882896270396,12.7225556631171,20.3900523560209,0.0675072155949956,-0.196116030092593,0.545742476851852,0.355854787387909,612.68,623.95,590.9,648.92,591.87,612.76,624.42,578.74,569.59,580.12,0.00137429580125159,0.00974025974025983,0.167182147131583,0.0575917510222181,0.5,-0.460541734944184,-0.458116304497919,-0.452136383437881,-0.5,-0.5,-0.5,-0.284477118124568,0.0748014551675903,0.0233747668140296,0.106276715249567,0.0540583727245631,0.0493628314736906,0.231796085337448,0.14104130952261,0.118238790563066,0.0369652959805536,0.32739455185651,0.0913748121363893,-0.274483916694558,0.148437718350117,0.253523297161713,0.5,0.5,0.5,0.5,0.5,0.5,0.5,0.5,0.5,0.5
Chinese Taipei,-0.471364315352697,-0.43,-0.0459206327486408,-0.389053627760252,5.35307994757536,48.1018705763397,48.0936234817814,48.0426552919222,2.93648693350976,4.19550115779027,5.52960635130665,-0.249852977822078,-0.203603319502075,-0.339319659829915,0.0635683920980245,251.122045220966,241.805519731751,188.549986453536,-0.203938327091136,-0.0782504491017964,13.0106453759148,9.9351689612015,-0.333352819361278,0.00544567655120857,-0.0679554448043857,0.122044377960608,559.82,561.03,543.48,592.09,548.53,548.72,578.35,548.96,523.12,523.31,0.0952380647582222,0.142857142857143,0.28442426472106,0.0530514096049702,-0.273539221020893,-0.353393466212944,-0.353866426838151,-0.317579750764555,-0.489744359201113,-0.485664748446342,-0.487648133922958,-0.308563866597323,0.191206669675691,-0.299443961032077,-0.184915931601486,0.0665080704775666,-0.063312555194645,-0.115337199779246,-0.248939119178091,-0.122901601564783,0.076000914214766,-0.224319487945492,-0.205648892332919,-0.152306878689859,-0.309719501817649,0.0336890579955813,0.283874396925342,0.270833333333333,0.292454481792717,0.297006715245035,0.301602197299153,0.238430747865866,0.320088257117195,0.358453348543182,0.24940681622088,0.225568813100816
Colombia,-1.40553118040089,-1.43,-0.067669250083237,-1.07887073468934,5.40143504531722,73.0048563334682,75.0282392026578,70.1378238341969,97,97,97,0.395424111340982,-1.2858977259871,0.355117346938776,0.50962453278967,233.826494480317,267.739901688395,208.423185879277,0.322017388243576,0.418024645583424,11.4317624777184,11.7910014513788,0.163226252983294,0.728485910832463,0.393697655435915,0.493933104631218,376.49,356.8,375.12,368.96,388.13,,,,403.4,398.68,-0.192319960240981,-0.181818181818182,-0.111785255737554,-0.210173148933624,-0.269125718803707,0.0219851026078381,0.0516794771542344,0.099256426287937,0.47939395869239,0.479206371839234,0.478867145084785,0.362665455303906,-0.148223435657286,0.321392376345908,0.163146768634378,-0.00259640428987828,0.0414482909280396,-0.0231500712590541,0.139022290775669,0.23849954576204,-0.137934770791116,-0.12638546021077,0.162299375809617,0.285965428355143,0.0349284000639619,0.383347892614383,-0.465696295690572,-0.473011363636364,-0.444415266106443,-0.5,-0.432661936369879,,,,-0.396192838654012,-0.376479397130573
Connecticut (USA),0.693351095322676,0.57,-0.0531388907256593,0.450948687350835,8.05535055350554,57.5059469350412,57.8956043956044,59.329650092081,97,97,97,0.0412025901942646,0.309649851632047,0.147985675917637,0.15893655049151,232.876635514019,234.524789522919,254.281809613572,0.380185483870968,0.425978315412186,14.2691611345806,12.0902527075812,0.271324119241192,0.339541950321987,0.432053584558824,0.308857404021938,505.78,514.64,501.73,486.88,511.97,502.27,503.51,514.99,521.25,520.76,0.453764229313061,0.467532467532467,0.152924294510464,0.373584542728969,-0.0268955812049077,-0.211639832370054,-0.206281131699471,-0.104645065341911,0.47939395869239,0.479206371839234,0.478867145084785,-0.00580240979652413,0.352173571931366,0.136213783128195,-0.110499068568308,-0.00639157137957919,-0.0927227589289553,0.189577368816691,0.181928900088901,0.244291626469609,0.246527449924539,-0.110593689682075,0.242396232271378,0.0502062564556745,0.0635630837475527,0.209335213147987,0.0629241965818954,0.101872086247086,0.109725140056023,-0.0787969709958565,0.134241245136187,0.0487072662663889,0.0278244230093334,0.196991301867959,0.239322691975841,0.21325056760543
Costa Rica,-1.34538444444444,-1.27,-0.0705651387310156,-0.970896959089915,3.42534908700322,39.9080213903743,39.9146818343406,39.9052556310333,11.8893959148196,13.1014776184268,13.5445458496306,0.427327526132404,-1.07743755575379,0.289515172654343,0.314287208086441,188.764335923048,208.037881574108,202.875577812019,0.657571378586424,0.481064025026069,12.144298245614,8.85425531914894,0.210712486956522,0.373321833449965,0.139889440559441,0.512857640097459,407,401.52,406.48,397.44,414.43,400.86,398.73,417.84,440.55,429.35,-0.173805412948735,-0.12987012987013,-0.164541650996425,-0.168971866549617,-0.449488496786874,-0.476904574903217,-0.477014138262208,-0.471095781171987,-0.397502353055041,-0.393070966980836,-0.402958857136803,0.395851985302291,-0.082845977254056,0.262743120603773,0.0107228235506217,-0.182642523993286,-0.19971551057925,-0.0488841288166687,0.386537424490254,0.284406552382618,-0.041387504511851,-0.281360318494537,0.19748506631519,0.0706820012459021,-0.154552551524929,0.401141201586314,-0.340951835800147,-0.310132575757576,-0.307160364145658,-0.398271181597371,-0.312268253604944,-0.365498509169628,-0.381360565470379,-0.264770188697182,-0.195858498705781,-0.228322303270373
Croatia,-0.448698959167334,-0.5,-0.0429085652210532,-0.348443197755961,5.87119581924378,45,45,45,3.42851437699681,5.55790734824281,6.05990415335463,0.0902352231604343,-0.294953907815631,-0.253399758454106,-0.263530476765238,165.109289617486,146.796116504854,179.041679342866,-0.179283253012048,0.0901612961841308,13.6392125351547,10.8055302339714,-0.0370834190620272,-0.377507583508878,0.0534003912127596,-0.361837041491281,471.13,467.74,480.08,460.15,468.13,477.54,452.55,477.04,484.57,491.36,0.102214982163905,0.12012987012987,0.339297170540045,0.0685477816180248,-0.226249366276408,-0.400149937463802,-0.400446127270212,-0.374980933179016,-0.484674990288627,-0.471500064582244,-0.482044780666689,0.0452022539822593,0.162557219371127,-0.222630374834758,-0.440154914219479,-0.277156400715553,-0.447099047130356,-0.159444014733532,-0.230752764275283,-0.00025954553283164,0.16117059078659,-0.178389704154211,0.0138766954632873,-0.384434775339732,-0.219121097425634,-0.421268032890096,-0.0787472401668166,-0.0689466783216783,0.0149684873949579,-0.174274896413773,-0.0664454108491647,-0.0523015970265081,-0.171183660717772,0.0166120062740625,0.0415228645383951,0.0712284430703831
Czech Republic,-0.189319638145496,-0.36,-0.0475736840444169,0.0554485363550519,3.13516642547033,44.9302863754701,44.9299214888049,44.8413531641878,5.80739628308617,8.00168950628872,8.37976346911958,-0.231873182082606,0.0691981132075472,-0.190951831554658,-0.161625360230548,177.931678832117,183.576077396658,228.540708514605,-0.384081289762869,-0.0846140503035559,13.7934575884367,6.58429561200924,-0.131770428240741,-0.0240479965156794,0.0969584735925711,-0.269254856480139,498.96,499.32,504.92,498.61,488.23,503.5,495.03,494.05,492.89,508.3,0.182057896817944,0.165584415584416,0.254309492314307,0.222667217539302,-0.475974263125336,-0.401200775337565,-0.401501277024995,-0.377973883443907,-0.460165320877225,-0.446092515832083,-0.457532155494803,-0.289860946092611,0.276762890316562,-0.166801060101801,-0.360637188101155,-0.225924469149579,-0.298527940642216,0.0701704155413134,-0.381818210998392,-0.12753575064878,0.182070507538075,-0.40114822936061,-0.0562831702725143,-0.17018452854306,-0.186602737439805,-0.334220008586496,0.0350396598250061,0.0460737179487178,0.123686974789916,-0.0368981283040433,0.0255664911879149,0.0537311603970102,-0.00529152184949433,0.0974618565521175,0.0863891285591025,0.153060238635815
Denmark,0.195567428648722,0.18,-0.0362212052828675,0.280490545354892,4.47823330515638,52.3366464995679,51.7297706620511,52.989113868931,15.4893730784654,16.5650314129127,17.2014436572651,-0.100146812080537,0.781003787878788,0.263781114996914,0.385954339777869,320.41674270073,228.955570745044,178.422875370244,0.141488762181215,-0.0344558474046279,14.9830508474576,7.50407523510972,0.0540147846089502,0.23913897393463,-0.231876353865234,0.14040568369028,500.03,,,,,494.6,502.47,507.68,496.13,498.47,0.300534979356481,0.340909090909091,0.46112540603104,0.308540100186891,-0.353388870309712,-0.289559990948516,-0.299118120400317,-0.22426238686919,-0.360411713984772,-0.357061042122161,-0.364318511732549,-0.152836707206832,0.5,0.239736515330455,0.066645504798769,0.343375442052705,-0.115219384157496,-0.162314501771418,0.00585872155844436,-0.0910091703918726,0.34325817322103,-0.352610592696027,0.081377377909231,-0.0106532116750509,-0.432094933398072,0.0509528046571011,0.0394145065009404,,,,,0.0173794061185313,0.023763033545515,0.162246304482152,0.10386108714409,0.105574609922226
Estonia,-0.177426160337553,-0.33,-0.0455481489992294,0.147273111910303,6.9585626416316,45,45,45,4.34086629001883,7.16028457836367,7.21866499267629,0.0181277672359266,0.213440928270042,0.0150571065989848,-0.00258248730964468,198.463022508039,223.25424815646,193.182112767336,-0.148636265481105,0.309110206677266,14.0880530027784,12.1454196028187,0.0703602608972319,-0.150518692769182,-0.168630640580625,-0.125375631313131,520.55,529.92,524.66,512.57,510.46,524.46,517.28,512.57,516.29,541.4,0.185718982558388,0.175324675324675,0.291210057374562,0.257706191088575,-0.127002418061702,-0.400149937463802,-0.400446127270212,-0.374980933179016,-0.475275009685223,-0.454840446434038,-0.46980081831728,-0.0298052731050682,0.32200044639818,0.0173737943253285,-0.236534218200811,-0.143891364666824,-0.138249637178252,-0.0938498481624245,-0.208146586327824,0.159185061511909,0.221987636185663,-0.107682480681897,0.0934888220420698,-0.246844998033682,-0.384878739300816,-0.198941258278177,0.123313435276801,0.157524766899767,0.210084033613445,0.0129661380197174,0.127328908216983,0.139341583956215,0.0815987815831608,0.185488854032987,0.212575496117342,0.312955895850442
Finland,0.211618404486666,0.14,-0.041172331827026,0.34548416810593,2.89081885856079,50.3387211367673,50.3467684659091,50.4154228855721,6.30184618869634,8.08675954241704,18.3095480801903,0.0548358630427109,0.206967025417907,0.0406513809275665,-0.129076068079194,153.331596576107,174.90689592098,184.958107349916,-0.289023647469459,-0.0126148497554158,14.8652163769976,4.71107205623902,-0.0652867284490296,0.0195223490168539,-0.0608452184593788,0.184953727955299,518.75,520.34,526.53,506.84,518.65,515.51,518.83,528.12,524.02,545.44,0.305475838515547,0.327922077922078,0.370927328442426,0.333340757469263,-0.498276534833615,-0.319675992724894,-0.319941542634002,-0.272816327897753,-0.455070993287452,-0.445208058482646,-0.352609806732255,0.00837917613460848,0.3199700954014,0.0402554313595379,-0.335238603744936,-0.324214242573333,-0.3335467349247,-0.131999087654507,-0.31170071658622,-0.0751039563407941,0.327291822465077,-0.5,-0.00702100124358257,-0.14377427507456,-0.304411350328068,0.0928379604178188,0.115953880121024,0.122632575757576,0.218268557422969,-0.00750107158165453,0.164820325017166,0.102785606339092,0.0876518139571213,0.259399210989115,0.254260138050043,0.332471861262741
Florida (USA),0.480307040762308,0.57,-0.0533587100175535,0.170521554018095,5.56614626129827,64.5413907284768,64.8247933884298,64.6233443708609,97,97,97,0.0883265966046888,-0.0402173913043479,0.0490599675850892,-0.011552142279709,249.940627650551,248.754653130288,235.86598812553,0.286616205211726,0.363528184059162,13.717907227616,10.3422330097087,0.22778550247117,0.292843402225755,0.319800079491256,0.0947456279809221,466.8,475.82,457.98,446.39,474.57,466.18,457.66,474.98,492.14,485,0.388184374300711,0.467532467532467,0.14891969528059,0.26657747138746,-0.254092074971393,-0.105590106126165,-0.101950546732135,-0.00477692985204736,0.47939395869239,0.479206371839234,0.478867145084785,0.0432168648675808,0.242447905411346,0.0477728247186171,-0.24353334240124,0.0617877096224095,-0.0352418228414657,0.104150676015325,0.112909269312774,0.198813726483495,0.171833574695823,-0.202838334863348,0.210135592365201,0.02189983664747,-0.0202399600969614,0.00802210866398312,-0.096451058958214,-0.0395177738927739,-0.0817577030812324,-0.223424774967853,-0.0369649805447472,-0.0987011395662296,-0.151228179794587,0.00682066638148204,0.0823446937014667,0.0405052895995363
France,0.150354547456507,0.16,-0.0435892944024735,-0.0212163065270662,5.11893203883495,59.5042635658915,58.9545101088647,66.9086254430878,97,97,97,0.0855451190875545,0.0160224768620538,-0.158847435043304,-0.0137358616101131,214.448514448514,207.698367346939,175.249687369737,-0.0839708920187794,-0.450585883547732,13.0510648042134,8.2421740626075,-0.186160467479675,-0.416745683096262,-0.0530940145502645,-0.240155115511551,494.98,496.77,496.35,488.88,491.93,496.36,483.17,510.63,505.48,498.97,0.286617415689217,0.334415584415585,0.326895858843614,0.193412985917078,-0.294910541990858,-0.181517932761103,-0.190337526668047,0.0383360169360659,0.47939395869239,0.479206371839234,0.478867145084785,0.0403235198239329,0.260085901377371,-0.13809928333938,-0.245237323531326,-0.0800212375450831,-0.20108696403314,-0.177034179451626,-0.160447381371633,-0.394046486005423,0.0814776712880618,-0.313660422664125,-0.0965843465739671,-0.408219029126549,-0.298624675955163,-0.306859723681173,0.0187668656472322,0.0367861305361304,0.0861782212885155,-0.0716530932990426,0.0425040054932478,0.0245680676387698,-0.0516069824657319,0.176267883454537,0.154281708369284,0.107989952176223
Germany,0.203190386427898,0.15,-0.0432829081369864,0.193472591161555,4.68223952539859,49.6942486085343,49.9054003724395,49.4465432565168,20.0861827634473,21.879824035193,21.995600879824,-0.0586514822848879,0.241674528301887,-0.133940798858773,-0.113029223093371,190.278189621537,196.125978090767,255.573803730738,-0.000620694593626935,-0.00881009272467902,14.1918191056911,8.0382072005878,0.168580791161796,-0.0582415546676353,-0.0490124002900653,-0.321569620253165,513.53,515.84,517.09,507.17,508.88,515.65,510.54,516.59,507.68,524.12,0.302881500910229,0.331168831168831,0.332477508171302,0.275335266112187,-0.334768663808106,-0.329390537705636,-0.326587081011622,-0.291094716669794,-0.313050688858793,-0.301804131352522,-0.313661397220013,-0.109672487449817,0.330855092394053,-0.115832404364767,-0.322717067358572,-0.176593912632044,-0.247833144148956,0.195570627636015,-0.0989656650023987,-0.0723332278256341,0.236047749403922,-0.324423946003504,0.166266907184189,-0.190911023289555,-0.295577539933905,-0.38340762311302,0.0946111701692698,0.106242715617716,0.176952030812325,-0.00632233176168007,0.120096131837949,0.103357431687293,0.0552778537118758,0.204596226056372,0.166145383951682,0.229481667552292
Greece,-0.252643137254902,-0.23,-0.0465619382085804,-0.0489530544097427,5.25780771586038,43.8661518661519,43.9388865634157,43.8338368580061,5.15960975609756,6.60370731707317,7.22575609756098,-0.173408350607048,-0.445953689167975,0.0222383634746517,0.206048578199052,170.517655367232,209.129098360656,229.351677148847,-0.0610003566121843,-0.0952036385326573,13.9555774925962,13.6467587034814,0.241085032796661,-0.168204753469147,0.20856944608132,-0.168933411903359,452.97,445.75,455.37,436.3,460.35,448.61,447.73,467.18,477.2,466.72,0.162565468836139,0.207792207792208,0.272741162074071,0.182829030918895,-0.28223497856346,-0.417241152705821,-0.416422973286415,-0.396981172054688,-0.466839478844046,-0.460627076741044,-0.469725890671922,-0.229044732646527,0.115200537693228,0.0237939377983917,-0.0737370153611768,-0.255547243534568,-0.195307586224117,0.073932309542832,-0.143503594957858,-0.13524737949476,0.2040374518815,-0.0284554028600864,0.219990093738505,-0.257565439660581,-0.103279377377475,-0.239895344023428,-0.152996974405103,-0.149038461538462,-0.0931810224089636,-0.259465637948278,-0.102059967956054,-0.170465220765429,-0.1900066388097,-0.0302533390370265,0.00177955133735974,-0.0477996232066083
Hong Kong-China,-0.9626381305962,-0.93,-0.0414424016024785,-0.811440510226523,5.99700797872341,42.2970822281167,42.1419568822554,42.5147275405007,6.81027837259101,9.15845824411135,9.76745182012848,-0.416935108153078,-0.115883380650797,-0.22960899315738,0.292492668621701,279.478472222222,266.482818465811,234.428786737001,-0.0118808156606852,0.119016780933725,11.3567120839848,10.1518737672584,-0.248530065359477,-0.354931469225678,-0.322834645929848,0.0346227663798809,561.24,564.15,565.52,566.76,553.21,558.17,568.45,551.35,544.6,554.94,-0.0559873033540982,-0.0194805194805195,0.366007281591809,-0.108125516210391,-0.214766145876842,-0.440892738939299,-0.443478769422837,-0.421866815446419,-0.449832605995726,-0.434065806330942,-0.442869247200101,-0.482365830013306,0.21871747256415,-0.201361099945497,-0.00628370447235799,0.179806341436795,0.0363703560744255,0.0974838345935994,-0.107271482998208,0.0207538105812599,-0.148103959026475,-0.212883771306759,-0.142798105474978,-0.370750217798,-0.5,-0.0485068695321958,0.289680268214899,0.28219696969697,0.388918067226891,0.206529504214888,0.323025864042115,0.277028958869419,0.281426953567384,0.369813204049622,0.365239430543572,0.378363364088692
Hungary,-0.514494122586062,-0.44,-0.0440338914286976,-0.204676910124184,6.39248704663212,44.675605815832,44.6583951015147,44.6641816333446,6.89334719334719,8.08170478170478,8.61600831600832,0.121488755147292,-0.268350125944584,-0.0440018861993084,-0.181664572864322,164.65774003919,149.152994791667,190.18275862069,-0.0951075126262626,-0.00186953914141413,13.2409420289855,11.8485139022052,0.194751816745656,-0.456478485804416,-0.00133150771167768,-0.191660365469439,477.04,481.39,475.54,473.55,475.7,481.2,469.21,476.59,488.46,494.3,0.0819617191173574,0.13961038961039,0.31879632902765,0.123406985912152,-0.178669688117955,-0.405039737657818,-0.405589563092728,-0.381316311154197,-0.448976746219788,-0.445260611889992,-0.45503589145792,0.0777127637072614,0.170900720389554,-0.0354257662118278,-0.376274014553307,-0.278960569712975,-0.437578536329388,-0.107763151212981,-0.168662101560099,-0.0672789261793542,0.107205680752876,-0.123350474033875,0.185658750448203,-0.432303148215132,-0.259981289029427,-0.261263779064455,-0.0545833674053478,-0.0192307692307693,-0.0049019607843136,-0.126410915845121,-0.0317921721217671,-0.0373524486378304,-0.106123325653142,0.0144731213460714,0.0624999999999999,0.0854306555238877
Iceland,0.430474934036939,0.44,-0.0416315157756385,0.782238235294118,4.089072543618,44.9765588373183,45.5313964386129,45.7090395480226,10.5966362599772,12.8791334093501,13.3586088939567,0.0442208370436331,0.652128408091469,0.329448924731183,0.152981199641898,238.159283225485,243.494532803181,140.383650952859,0.295173219116321,-0.105355952919873,16.1398330351819,7.85097682871422,0.0595130434782608,0.301714198071867,-0.0657539335664336,0.492459589340323,492.8,486.72,496.44,488.81,495.87,489.96,500.02,492.38,482.52,478.15,0.372844906880447,0.425324675324675,0.362562058628577,0.5,-0.388908638940119,-0.400503281042149,-0.392445060861509,-0.361604554808727,-0.410821682479289,-0.395382638384457,-0.40492354649062,-0.00266277285596606,0.459581992225105,0.298444450077137,-0.115146096842269,0.0147152786396205,-0.0564898578667873,-0.338769575514189,0.119221190797091,-0.14264057352536,0.5,-0.334304269000812,0.0854514014463292,0.0272768875728107,-0.308075959883815,0.381962457664473,0.00985362662523526,0.000182109557109622,0.0865721288515406,-0.0719031290184311,0.0605401693751431,-0.00157251970755223,0.0141953372124809,0.0895242169304624,0.0304680759275235,0.00741510071977181
Indonesia,-2.40506683300659,-2.41,-0.082257501620427,-1.77144309668213,4.98760696370611,55.8958816705336,56.7634976525822,56.4428822495606,97,97,97,0.303336959477835,-2.40755959963603,0.370917952883834,0.818611485575627,183.489322757779,210.870290302656,200.509522322822,0.5681352700491,0.26541951085463,10.1818669527897,15.9143270622287,0.0814341490239208,0.717501406926407,0.392648259109312,0.37608322147651,375.11,364.42,362.42,382.53,383.96,369.47,368.35,379,396.12,381.91,-0.5,-0.5,-0.37754946763921,-0.474449074262803,-0.306896941301794,-0.235909371797706,-0.223326901250175,-0.159105354667696,0.47939395869239,0.479206371839234,0.478867145084785,0.266874674042655,-0.5,0.335518337704057,0.404252816311631,-0.203718870138225,-0.188274114541202,-0.0598597073732804,0.320566549457864,0.127368297449182,-0.307293280923085,0.0912063142999121,0.101694197952459,0.279307148994746,0.0341449714635304,0.272542563362402,-0.471338621310001,-0.445257867132867,-0.5,-0.451528789827118,-0.451750972762646,-0.493709921169791,-0.5,-0.449379723370883,-0.435450819672131,-0.457489976329646
Ireland,0.452501504513541,0.44,-0.045779978473916,0.128598431530263,7.42596599690881,39.4626312538604,39.5680345572354,39.1726894787336,4.14992025518341,5.80143540669856,6.29904306220096,0.113935561577838,0.0459514251304697,0.121722676354829,0.0405232909860859,180.8278125,188.835830212235,146.156760287394,0.0707687367464405,0.132268890236507,13.5691715616771,10.8442028985507,-0.0232391621129326,-0.568161443609023,-0.0907480902255639,0.0727433894230769,501.5,501.09,505.18,477.77,508.72,502.33,492.41,506.76,523.17,522,0.379625191367877,0.425324675324675,0.286986660384279,0.250580194285207,-0.0843412335915796,-0.483618224167689,-0.482233495568692,-0.4849160004556,-0.477242330625894,-0.468968148635122,-0.479517936734073,0.0698557901947058,0.26947224394958,0.112734296438679,-0.202898287158328,-0.214352950035995,-0.277281390164276,-0.311989470268801,-0.0463065843403242,0.030404360362654,0.151680169643569,-0.176348911234845,0.0241348208089423,-0.5,-0.32673538976176,-0.0126649316827794,0.0454248098781586,0.0525203962703961,0.124824929971989,-0.111337333904844,0.119363698786908,0.0489523342727607,-0.0155230991525753,0.157873473073815,0.249676445211389,0.219240616395343
Israel,-0.121008574928542,-0.22,-0.0583143970889257,0.173660090423346,4.71372291529875,49.4761742682097,50.7309039943938,50.4869052010328,20.0180019782394,21.9175074183976,22.409099901088,0.00658692185007975,-0.0158070462925031,0.287710656753408,0.168613861386139,192.842960288809,253.130515387468,196.941036802533,0.329462841873625,0.365788614800759,13.630557294928,9.9359637774903,0.341617877447884,0.203828665413534,0.237091744840525,0.027938336966677,466.48,462.41,479.62,449.24,465.13,468.73,464.58,461.57,485.8,470.07,0.203085611629097,0.211038961038961,0.058638535431042,0.267775092976474,-0.331895088577824,-0.332677711162103,-0.314157736703027,-0.271467779003615,-0.313753156896983,-0.301412344223423,-0.309292189808035,-0.0418102767734247,0.250103498869963,0.261129858303871,-0.102947752368999,-0.166346356337455,-0.0175657111321193,-0.0764130778816694,0.144514290584476,0.2004598342012,0.159997821894797,-0.224277544741629,0.294481525498224,-0.0320566269267555,-0.0819860070544254,-0.0547917328020165,-0.0977594243192411,-0.0883595571095571,0.0129551820728292,-0.213244749249893,-0.0801785305561914,-0.0882857492954294,-0.124204319131488,-0.0569181044726462,0.0481557377049181,-0.0316168301048259
Italy,0.0953059508408797,0.05,-0.0433795669152759,-0.0282006931623101,8.57459432048682,56.3988562516246,56.3982945091514,56.3982945091514,8.39757989251118,10.1519647282206,10.1033051202008,-0.0071133617104555,-0.0903551673944687,-0.200210378000194,-0.0272574065080136,270.120424518085,229.052812252443,136.321426681484,0.0412886564252621,0.0386209164710485,13.3962868536314,13.9277607816047,-0.0912596091683809,-0.0639629781620988,-0.177673862304688,-0.223617291178767,485.32,476.53,490.67,487.42,482.38,485.45,475.23,498.3,489.75,493.54,0.269672192823759,0.298701298701299,0.330716608726292,0.190747841677745,0.0204972196341269,-0.228327715515823,-0.228825648307802,-0.159946524230174,-0.433478605652172,-0.423736504128003,-0.439320477668488,-0.056061568503184,0.226723652825859,-0.175078329326604,-0.255788339421896,0.14241620676342,-0.114826581174556,-0.35761328472077,-0.0680520149792441,-0.0377926648883026,0.128254614470954,-0.0136266586398528,-0.0262660258762893,-0.194379075765214,-0.391629971756151,-0.291310458622505,-0.0207294136887726,-0.0369318181818183,0.0613182773109244,-0.0768681240177167,-0.00121309224078742,-0.0199934648531634,-0.0826141289491154,0.117662436427587,0.0694564279551337,0.0817593352978118
Japan,-0.278981614708233,-0.36,-0.0373783045517556,-0.0766822958771221,3.83936816524909,50.7995157384988,50.8026634382567,50.7720106718409,6.63580538497874,8.14517398834829,8.75673122342938,-0.133375060182956,-0.763942446043165,-0.497178502879079,-0.236681861804223,203.740610916375,233.758145363409,164.815159909343,-0.17734632034632,-0.596080967276227,14.117386307667,5.64104423495286,-0.730605946076071,-0.128830975785183,-0.258971284755513,-0.082888622754491,536.41,542.47,518.26,557.56,528.12,530.4,554.28,531.02,538.05,546.74,0.1544578803085,0.165584415584416,0.440045732808783,0.172247940263787,-0.411699841502786,-0.312730142142749,-0.313077277682081,-0.266089124648433,-0.451630204790626,-0.44460073434869,-0.453548953065032,-0.187401353645281,0.0154726294696338,-0.440571961104246,-0.419204633372691,-0.122804729123057,-0.0958195857960678,-0.225437514185586,-0.229324022071193,-0.5,0.225962244234185,-0.450924492579618,-0.5,-0.233698944319859,-0.45232269982724,-0.158993938465464,0.188159293482705,0.203234265734266,0.182072829131653,0.173667666809544,0.208171206225681,0.163603316587019,0.226090522122857,0.273183136080612,0.329918032786885,0.338751751123134
Jordan,-0.929410329985653,-0.95,-0.0664684517141321,-0.445237405906196,4.22242314647378,46.1368446960374,46.3596253389204,46.3973820696468,10.6052855924979,11.8567774936061,11.8547882921284,-0.324176991150442,-0.823555748122473,0.437658450704225,0.792438116100767,265.598865687033,227.164475380253,277.353504008275,0.811391548672566,0.328672227171492,13.50952173281,11.9946902654867,0.605653714030783,0.991444923076923,0.664075224731419,0.458516016561342,385.6,387.47,366.88,385.09,393.68,383.48,389.88,382.83,399.03,409.37,-0.0457590228657474,-0.0259740259740259,-0.089909485950859,0.0316124657879152,-0.376737364165554,-0.383013553130937,-0.379974682907408,-0.348618635979118,-0.410732568227686,-0.406011882764426,-0.420813557789094,-0.38587709823876,-0.00322334575003092,0.395185270511105,0.383829437228529,0.124350291844873,-0.122454438619781,0.296601568130475,0.5,0.173430661837932,0.143597729195483,-0.115636609721472,0.490123134677499,0.445358567893523,0.236779231185945,0.350047884165693,-0.428448769318832,-0.361305361305361,-0.480479691876751,-0.442384626375197,-0.407255664911879,-0.436486541681983,-0.415921427734604,-0.431175436094872,-0.419758412424504,-0.324839379740109
Kazakhstan,-1.34890267011197,-1.29,-0.0581173546903208,-0.278393657359531,8.82045701849837,47.547786862137,47.8352501437608,47.5752264095822,97,97,97,0.470987750847016,-1.2780062305296,0.406837185146715,0.87952084952085,109.335726593912,181.567646203084,208.633054892601,0.384002949621509,0.777116374115798,14.2487502154801,23.660895045285,0.464335502492784,0.908165656829459,0.919571692708333,0.527233160621762,431.8,432.84,427.97,449.81,413.83,432.69,441.97,420.27,392.74,424.71,-0.17488840364591,-0.136363636363636,0.062228192330153,0.0952777063494754,0.0429377815080826,-0.361745523017409,-0.357756671645092,-0.326398025582677,0.47939395869239,0.479206371839234,0.478867145084785,0.441268169328373,-0.145748498044815,0.367630630658145,0.451781088541109,-0.5,-0.306640914052176,-0.0221765379446987,0.184744782399615,0.5,0.243761808492645,0.5,0.385411127892955,0.394878671455155,0.427520550979033,0.414657415961961,-0.23955352032055,-0.196059149184149,-0.213103991596639,-0.211208744106301,-0.315014877546349,-0.235489931789405,-0.212500488147772,-0.253220210086031,-0.453677739430543,-0.250736679387469
Korea,-0.697542254921456,-0.74,-0.0367649219127211,0.0129749103942652,2.8719362745098,49.6760606060606,49.7444613050076,49.6814268142682,1.98052851182197,3.29525134114842,4.42559109874826,-0.287906837862048,-0.402677682659765,-0.389409836065574,-0.201315240083507,204.141401667181,213.587144622991,199.418808777429,-0.544299254176611,-0.0895182224873248,14.0158539032711,9.88143244056575,-0.370814208955224,-0.169695023837902,-0.314072437425507,-0.248972602739726,553.77,558.83,537.48,573.09,537.89,553.09,562.21,540.25,535.79,537.79,0.0256152981688441,0.0422077922077922,0.451220146222317,0.206459876012455,-0.5,-0.329664697053631,-0.329010289134052,-0.286663523303777,-0.499593618563941,-0.495024478415866,-0.499313631001209,-0.348148205014611,0.128772796183576,-0.344225274887262,-0.391607654581535,-0.121203367319582,-0.177299495679406,-0.0649192726518138,-0.5,-0.13110710345871,0.212204792994736,-0.227155214731268,-0.233406512802557,-0.258468770072455,-0.49345855843858,-0.315150139838909,0.259138114318424,0.262820512820513,0.266193977591037,0.229139877125304,0.252895399404898,0.256279867663277,0.257058616784473,0.317054042492514,0.317730802415876,0.295517124776581
Latvia,-0.479471563981043,-0.59,-0.0454830149187074,-0.176956211327939,6.40942028985507,40.815484804631,40.8232541396688,40.6999638074557,3.5947515095216,6.00998606595448,6.35880167208546,0.023011874775099,-0.164255571360835,0.116078014184397,-0.0491956059532247,158.490272373541,225.172452407615,227.459541984733,-0.218847682119205,0.193967235970722,13.4168440974687,13.1287234042553,-0.0771722105997211,0.206715970254958,0.239253151558074,0.0354960460100647,490.57,496.26,487.27,496.97,478.45,495.24,487.85,486.12,488.69,502.19,0.0927424673537646,0.0909090909090909,0.29239664971798,0.133984816803454,-0.177124144628257,-0.4632258007585,-0.463334055326359,-0.456103222165321,-0.482962245678795,-0.466799886204497,-0.478886501717761,-0.0247247329051001,0.203546944388532,0.107687889992205,-0.272906966968135,-0.303602723066219,-0.130501131710761,0.0651551366370022,-0.259936726447194,0.0753347894236878,0.131040082631495,-0.0557926133198108,-0.0158277408283539,-0.0303064812308513,-0.0803724052180506,-0.0476857907635004,0.000735955515577702,0.0349286130536129,0.0464373249299719,-0.0427561080154306,-0.0192034790569925,0.0199934648531634,-0.0333307298785487,0.0597699510433005,0.0637402933563416,0.123544756291966
Liechtenstein,0.541393728222997,0.4,-0.0427719488465576,0.298745644599303,3.30456852791878,45.75,46.6751269035533,46.6,4.20136518771331,4.81569965870307,6.89419795221843,0.130163043478261,0.357177700348432,0.0747894736842105,0.0957368421052631,202.435897435897,211.548717948718,167.713541666667,0.10356887755102,-0.0962820512820513,13.6062717770035,6.94949494949495,0.0503716494845361,0.128041578947368,0.171540526315789,-0.0644864864864865,534.97,542.22,538.29,539.18,525.85,536.43,535.23,540.25,515.52,524.69,0.406988260262811,0.412337662337662,0.341786004997562,0.315505990698189,-0.460512469236643,-0.3888447096746,-0.375224276643364,-0.344796149478093,-0.476712292423505,-0.479216659939419,-0.473229275762663,0.0867359210022524,0.367079296842618,0.0707753608355377,-0.159814522719275,-0.128017719512456,-0.185533634573209,-0.211992598455665,-0.0221121730957796,-0.136032709262658,0.156707179555941,-0.381876316493834,0.078677938214142,-0.0779951233684695,-0.130923379983522,-0.141691801937766,0.182271649358083,0.202323717948718,0.269739145658263,0.108015430775825,0.197779812314031,0.188232651227382,0.151696801655797,0.317054042492514,0.208423209663503,0.232235157721849
Lithuania,-0.364494894633934,-0.46,-0.0437818981209672,-0.129386596812923,6.68115942028986,45,45,45,97,97,97,0.418856304985337,-0.29870652173913,0.267546113306983,0.0957683448502797,203.366253766321,171.796246648794,321.201030927835,0.015738214876033,0.150024405548217,13.9726208876132,11.9362126245847,-0.14967294973545,0.187032804404145,0.154435880829016,0.0590611848494658,478.82,479.11,483.02,472.06,473.53,482.02,477.46,470.73,477.31,495.7,0.128134927946696,0.133116883116883,0.323387064432968,0.152136716277663,-0.152321769890589,-0.400149937463802,-0.400446127270212,-0.374980933179016,0.47939395869239,0.479206371839234,0.478867145084785,0.387040062297871,0.16138032135549,0.24310247615667,-0.159789940767599,-0.124300475319164,-0.346112071946805,0.5,-0.0868988209733035,0.0433344140239221,0.206346800087079,-0.118722529887366,-0.0695483321494771,-0.0422374722025505,-0.143692881967537,-0.0255292735224886,-0.0473055850846349,-0.0275349650349651,0.0278361344537814,-0.131733104729247,-0.0417257953765166,-0.0340031858840829,-0.0739055726949663,-0.0133799134939874,0.00237273511647973,0.0921936138350803
Luxembourg,0.271316392816202,0.13,-0.0489353891558067,0.0797443403590945,4.58534432018835,51.4325443786982,51.4325443786982,51.4325443786982,97,97,97,-0.0711809412452499,0.236574321742453,-0.275280604826985,-0.162011611030479,188.605214723926,204.925400181214,156.648546144121,0.0590351938895417,-0.0620916813639036,13.6005711954304,8.60122699386503,0.0620066096193567,-0.244990040650407,-0.123752915578764,-0.388877639571883,489.85,487.55,494.8,486.39,482.86,493.16,482.02,495.05,487.81,491.22,0.323852250977555,0.324675324675325,0.229502373733414,0.231938156486836,-0.343612554586967,-0.303188098176691,-0.303593361592609,-0.253627832730522,0.47939395869239,0.479206371839234,0.478867145084785,-0.122705865486935,0.32925556121352,-0.242192155656431,-0.36093858401106,-0.183278293680796,-0.212288248375963,-0.263320527213377,-0.0549616130771417,-0.111134343319502,0.155934761395509,-0.294712861440726,0.0872990494730235,-0.304108997493841,-0.351375197886147,-0.446692261521348,-0.00220786654673305,0.00320512820512819,0.0793942577030813,-0.0805472210315759,0.000984206912336916,0.0114977739656089,-0.0560979419689929,0.102214934169875,0.0589948231233822,0.0705521472392638
Macao-China,-0.529010534236268,-0.56,-0.0488314478870039,-0.886539041870992,5.8779437105112,41.0984589041096,41.0609442060086,40.9909659485754,2.90028116213683,5.45941893158388,6.16532333645736,-0.433887475261521,-0.0904214487300094,-0.26329006772009,0.147183972911964,265.284772010324,275.151698330455,188.764270613108,0.0602035835214447,0.152086772187677,10.51523229246,10.9357486555335,-0.337651398700198,0.120397427198191,-0.0470142453363482,-0.0268474576271187,538.13,542.48,530.52,557.9,525.35,535.9,544.81,529.56,508.95,520.57,0.0774932340742777,0.100649350649351,0.231395943316926,-0.13678206537458,-0.225633467757722,-0.458960351887766,-0.459755231933343,-0.450613324236443,-0.490117388011355,-0.472524030339318,-0.480930876515794,-0.5,0.226702865616233,-0.231472448803138,-0.119669739059976,0.123095328711163,0.0713879320118153,-0.114343185633102,-0.0540997722875992,0.0448362860253414,-0.262122899775089,-0.171517955450417,-0.208833993984025,-0.0826286414822223,-0.294085813977609,-0.106302670664618,0.195191757298226,0.203270687645688,0.235731792717087,0.174882126018003,0.195490959029526,0.186067883837765,0.189108446909048,0.266243642758686,0.172993960310612,0.212332737548911
Malaysia,-1.02899420849421,-1.17,-0.0662467829766115,-0.727401119043025,4.83415233415233,44.1574575659083,43.9432598482111,44.4474074074074,97,97,97,-0.0044008388256441,-1.0930964861192,0.539096774193548,0.91,202.076435643564,201.748921145547,189.378723404255,0.34243239728052,0.220752176505665,12.6754928488597,14.0175022248591,-0.20136472520908,0.620263107080164,0.193689193925234,0.315511512678519,420.51,401.34,409.09,434.3,422.04,422.86,405.61,417.9,398.2,419.5,-0.0764132287652507,-0.0974025974025973,-0.0858711940979791,-0.0760572601147906,-0.32090316565871,-0.412850116316436,-0.416357126134403,-0.385405863105353,0.47939395869239,0.479206371839234,0.478867145084785,-0.0532399513604227,-0.0877569445024172,0.485872541798551,0.475564317710915,-0.129453951219132,-0.225119501961406,-0.11149288270937,0.15408104089335,0.0948403184016213,0.0305883725127186,-0.00889091818959598,-0.107850186420004,0.220365955979242,-0.114388254762669,0.215591568104258,-0.285714285714286,-0.31078817016317,-0.295737044817927,-0.266609515645092,-0.277431906614786,-0.275640240166646,-0.354492912094349,-0.264485004040116,-0.424234253666954,-0.275904545674122
Massachusetts (USA),0.513071553228621,0.57,-0.0512536054723939,0.378590643274854,8.39873417721519,62.3369369369369,62.1826401446655,61.7905711695376,97,97,97,0.0667654986522911,0.211004672897196,0.109740376007162,0.0672808586762075,288.179392824287,294.792784458834,286.172222222222,0.375705786618445,0.340671741112124,14.2495575221239,12.1845342706503,0.253903849679193,0.372980371352785,0.434914500442087,0.350554577464789,513.51,518.17,506.43,497.6,522.7,509.2,512.1,523.93,527.09,527.41,0.398270044053501,0.467532467532467,0.187269832648916,0.345973725285767,0.00444598267070517,-0.138819242478336,-0.1417326040235,-0.0582185838243681,0.47939395869239,0.479206371839234,0.478867145084785,0.020788606680381,0.32123638588667,0.102021953362633,-0.182019051536716,0.214570920906692,0.150727274087421,0.337509541323734,0.178624535079484,0.182169037291286,0.243871197035677,-0.105618362834772,0.229488402737502,0.0704750233019317,0.0656989053333131,0.248539910755933,0.0945293973342056,0.114729020979021,0.130295868347339,-0.0405057865409342,0.183360036621653,0.0770126210023281,0.0613699379076035,0.239483815770711,0.2708153580673,0.245374619583595
Mexico,-1.3265888073504,-1.35,-0.0889790204967272,-1.01979165426513,5.39314689319462,56.5069253414411,58.2513539651838,58.425825118925,6.89099568124002,8.29713660296989,8.59039815417382,0.361102198990627,-1.51560548523207,0.487461051497329,0.650345647977735,227.672191164102,253.524590971812,253.057792992348,0.323419495154384,0.331754154986889,11.151519679627,12.4328185685223,-0.0959566933767939,0.516772474463394,0.314035091505913,0.558123094853864,413.28,404.77,413.57,412.53,412.98,413.1,409.42,413.05,423.55,414.92,-0.168019683992177,-0.155844155844156,-0.5,-0.187629398267947,-0.269882201149472,-0.226698721279362,-0.200924724083151,-0.121696166165789,-0.449000973897596,-0.4430208072973,-0.455306499375122,0.32696315881735,-0.220264581254206,0.439709487923077,0.272953061753923,-0.0271859594074831,-0.01597385936865,0.183899441717268,0.140056528750774,0.175675006275907,-0.175907146732434,-0.0925161666815124,-0.0297464061340502,0.157634898751719,-0.024543821616546,0.443700884156723,-0.315275165589991,-0.298295454545455,-0.276129201680672,-0.344370624374911,-0.318905928130007,-0.315504635869787,-0.339614168000937,-0.28753743048624,-0.287532355478861,-0.298029080720738
Montenegro,-0.444644226672348,-0.42,-0.0479889720106507,-0.280424488054608,4.25666199158485,45,45,45,97,97,97,0.0499934640522876,-0.559950738916256,-0.262286269430052,0.0193275137407048,150.356083086053,142.999670184697,105.626473560121,0.132667081151832,0.346244352708058,13.6165847403291,9.94883090477804,0.618983426504439,0.216472668393782,0.291655971594577,0.06256203673864,409.63,398.71,408.84,412.11,414.54,409.28,403.85,413.18,422.11,410.1,0.10346312198965,0.146103896103896,0.246743905802654,0.0945027697643885,-0.373612290990884,-0.400149937463802,-0.400446127270212,-0.374980933179016,0.47939395869239,0.479206371839234,0.478867145084785,0.00334202194874889,0.0794486846190036,-0.230575039178104,-0.219437594184089,-0.336102924233544,-0.462434632509794,-0.5,-0.000648426687189896,0.186227166030659,0.158104566832751,-0.22359853432052,0.5,-0.0243924388308524,-0.0412509913926921,-0.0222376873464282,-0.330198707989206,-0.320367132867133,-0.296831232492997,-0.345870838691241,-0.311764705882353,-0.331107298942123,-0.361366032725427,-0.286919530395931,-0.295297670405522,-0.321312980049273
Netherlands,0.229815950920245,0.31,-0.0340873124190865,0.214193327239488,5.8433908045977,53.9600145401672,53.9600145401672,53.9600145401672,7.69686098654709,9.59103139013453,9.89058295964126,-0.370489681706891,0.513452272727273,-0.371183286516854,-0.340224325271644,169.625373134328,169.630930145686,165.316494450823,-0.12789207079646,-0.137396120237679,13.8464759246336,9.73435277382646,-0.098422424030737,-0.0545193100995733,-0.115270500532481,-0.445574468085106,522.97,518.18,531.84,507.28,531.81,518.48,527.31,525.6,511.23,522.06,0.311077461424749,0.383116883116883,0.5,0.283242009148743,-0.228787206122053,-0.265089930302267,-0.26553805083307,-0.205945870146474,-0.440698127012832,-0.429568423755573,-0.441568190946666,-0.434052426945914,0.416090263032203,-0.327930486224545,-0.5,-0.259112362447156,-0.354858776972135,-0.2231119403906,-0.192845018565434,-0.165973102909175,0.189254393110037,-0.234916747217578,-0.031573429007851,-0.188654777181962,-0.345042636603511,-0.5,0.133207948319568,0.114765442890443,0.241509103641457,-0.00592941848835549,0.225062943465324,0.114916472654495,0.120767758815949,0.247421455392367,0.185289042277826,0.219530457465823
New Zealand,0.176024638711206,0.22,-0.0458878277954644,0.049092650227436,4.23707210487983,56.0513100436681,56.0882567469001,56.121234939759,6.91773479375437,8.53507340946166,9.07131204847355,0.0744400432120994,0.0676113744075829,0.274613180515759,0.101836734693878,241.938358707761,240.175680716151,248.355201863354,-0.116158237410072,-0.0076994215473608,13.0595663265306,7.18510484454085,-0.194014688856729,0.056474838940587,-0.0737206871868289,0.161918687589158,499.75,500.82,498.76,490.79,505.68,495.14,496.01,510.66,512.19,515.64,0.294519259587705,0.353896103896104,0.285021895115983,0.220241900301938,-0.37540031360783,-0.233566500913452,-0.233493787844931,-0.165173388714161,-0.448725480269096,-0.440547022557325,-0.450224957597648,0.0287718117674582,0.27626525592542,0.249420532480189,-0.155054706875804,0.0298145969686634,-0.0698962214105408,0.162085220287731,-0.184189775524965,-0.0715244065849868,0.0826296116901011,-0.369442960510399,-0.102404058507558,-0.121375448229148,-0.314023553257818,0.0711798546668586,0.0382696868100417,0.0515370046620046,0.0967261904761905,-0.0648306900985853,0.105447470817121,0.0195850181758771,-0.00146444331628071,0.17641047578307,0.1904659188956,0.188517462924496
Norway,0.693210171701804,0.63,-0.043312160955319,0.468253170091823,4.76075085324232,52.4739385571281,53.1808181505672,52.0912834591627,8.76653862569355,10.6079812206573,10.8186086214255,-0.26889,0.692278260869565,0.192394227615612,-0.148222003929273,218.915601023018,199.912331757003,144.423482370047,0.0555692687747036,-0.345401978239367,13.8683680322364,8.01649831649832,0.183065435356201,0.237065011585568,-0.211783900826446,-0.046976897689769,489.37,477.66,492.1,479.65,496.76,486.48,489.26,498.69,503.94,494.52,0.453720849784617,0.487012987012987,0.33194458945995,0.380187691280202,-0.327602719870564,-0.287490500302694,-0.277270161938075,-0.241200397318545,-0.429677216203793,-0.418995385438551,-0.431762275112624,-0.3283665338578,0.472173823686041,0.175915645666772,-0.350178396122165,-0.0621729668481436,-0.232538327620931,-0.320029741525813,-0.0575181880037798,-0.317448678729057,0.192220732818681,-0.325569544255373,0.176999537781827,-0.0119103481667033,-0.417094878638626,-0.125228860272052,-0.00417041458827372,-0.0328161421911422,0.067577030812325,-0.104622088869839,0.0646143282215609,-0.0157864640771146,-0.0278244230093334,0.119516136698512,0.145977135461605,0.0864934061156465
Perm(Russian Federation),-0.835561253561254,-0.74,-0.0425819813143922,-0.0945288406624786,9.38852913968548,44.2022667829119,44.1935483870968,44.1849255039439,3.84213515048268,6.00851788756388,6.36456558773424,0.141035375323555,-0.423458904109589,-0.0657397959183674,0.206584536958369,142.200180342651,221.936493738819,260.638945233266,-0.208886815068493,0.150494424778761,13.9355300859599,19.3038869257951,-0.0283952991452992,0.538449740484429,0.658439896373057,0.156787564766839,483.58,492.53,477.93,487.77,466.37,486.02,483.65,472.14,482.31,479.86,-0.0168701208137491,0.0422077922077922,0.345246774188725,0.165437948419025,0.0947872799780356,-0.412174678442726,-0.41258861156515,-0.39035771278126,-0.480413446916559,-0.466815150582261,-0.478825597721186,0.0980455243564753,0.122255371586908,-0.054859759678033,-0.0733188006210018,-0.36868988164176,-0.143572650774827,0.219066635534052,-0.25258927890991,0.0436766949302251,0.201321065709834,0.270076579501109,0.0203142979616797,0.170774617593108,0.232572167279925,0.0663554480697555,-0.0278436503393573,0.02134324009324,0.00555847338935578,-0.0756179454207744,-0.0745021744106203,-0.0176653187926317,-0.0497324950208928,-0.0066780740529494,0.0293356341673856,0.0156755712284431
Peru,-1.75203709893048,-1.6,-0.0859297178795273,-1.23033805162365,5.46170559478544,52.772997032641,52.9572940287226,52.1041429114405,97,97,97,0.219207557811619,-1.7440724291083,0.554899054433938,0.742260780811432,260.096225632518,285.890345128877,214.017933390265,0.26914566657832,0.354966014332966,11.4703020134228,12.4674980100823,0.171036964980545,0.600329955485729,0.304047214992192,0.393564636340272,368.1,349.39,365.47,370.19,373.42,367.93,369.85,368.35,384.15,373.11,-0.298982443477061,-0.237012987012987,-0.444448756943638,-0.267970958284206,-0.26362466067062,-0.282982601385408,-0.280635693230482,-0.240957797452595,0.47939395869239,0.479206371839234,0.478867145084785,0.179361693680043,-0.291916581264876,0.5,0.344675489511621,0.102364461124383,0.114766244504325,0.0028026551633179,0.100022452793336,0.192578519446525,-0.132712735654654,-0.0906860999004132,0.168086848766904,0.208283435641138,-0.0320002877009608,0.288979015210443,-0.5,-0.5,-0.486650910364146,-0.495606515216459,-0.5,-0.5,-0.494142226734877,-0.5,-0.5,-0.5
Poland,-0.176304774362328,-0.36,-0.0491914352430061,-0.161787280701754,6.63507265521797,45,45,45,3.26633383980899,6.06815715215976,6.37247666594313,-0.418927746618278,-0.068432526705908,-0.144049019607843,-0.160914435009798,220.772907053395,199.309036939314,170.910891089109,-0.159739856020942,0.0321614327772326,12.776835527784,13.381015161503,0.370547253106606,-0.0966003965631196,-0.213298249669749,-0.248866930171278,517.5,509.24,518.54,524.17,516.57,518.63,515.51,514.86,518.19,525.82,0.18606417092715,0.165584415584416,0.22483780605705,0.139773068540723,-0.156528235171945,-0.400149937463802,-0.400446127270212,-0.374980933179016,-0.486345939712918,-0.466195092236367,-0.478742005887181,-0.484438609890746,0.233599050308751,-0.1248692942282,-0.360082445033127,-0.0547520896736485,-0.234975311685874,-0.197160841584707,-0.216336942503805,-0.0424966382351107,0.0443201163049691,-0.0424789397623593,0.315917212712778,-0.214162313239996,-0.41822541832587,-0.315050783917407,0.110843077929512,0.082204254079254,0.183298319327731,0.0544006286612373,0.155298695353628,0.115529142670424,0.074686609130316,0.196373401777651,0.222821397756687,0.237693831215884
Portugal,0.236051045728465,0.31,-0.0490648328003639,-0.482290592210564,3.75507367250487,81.7235494880546,81.5910447761194,76.3580669710807,5.21740650122335,6.89479203075848,7.8465571478504,0.217786950732357,-0.0327809287486707,0.247543010752688,0.105354648038689,244.322033898305,293.379438098178,235.652051488335,0.143707026587086,0.341648142164782,10.9870782483848,8.05705705705706,0.150958113207547,0.273077442996743,0.270225819561095,0.437016976556184,487.06,486.06,481.44,490.95,485.82,488.6,478.94,490.45,487.76,489.27,0.312996766867725,0.383116883116883,0.227144209830515,0.0174734882104597,-0.419393630741085,0.153407518790177,0.150493544026288,0.216604359821677,-0.466243997785292,-0.457600723091216,-0.463166241408432,0.177883951571242,0.24478013521264,0.225219424411213,-0.152309638920698,0.0393385852202547,0.145018120853916,0.103158273944285,0.00749498286611805,0.182880079341271,-0.19818865366138,-0.32342922133087,0.153209099889402,0.00991866030135946,-0.0572497075964806,0.329833963348768,-0.0136151770381879,-0.00222173659673663,0.020920868347339,-0.0642591798828404,0.0145342183566033,-0.00712739451864547,-0.0681259030733783,0.0803507771281904,0.058725194132873,0.0611323124486739
Qatar,0.843553563001416,0.67,-0.0729941254430682,0.437920090677246,4.31928838951311,51.0216,51.1006993006993,51.1494182486222,97,97,97,-0.391793252195347,0.273570139614398,0.289769151595354,0.60528227571116,227.699566682715,258.543352601156,263.496111975117,0.582553212103145,0.266421320411872,14.2686399400525,10.1415063039151,0.378525627376426,1.0815896875,0.483182509279881,0.344945266272189,376.45,362.68,370.95,380.02,381.8,373.3,377.95,375.18,387.5,383.64,0.5,0.5,-0.208792172561849,0.368613012488076,-0.3678962081161,-0.309382524589858,-0.308589846916073,-0.258969145853288,0.47939395869239,0.479206371839234,0.478867145084785,-0.456212800238555,0.340858221526565,0.262970181307583,0.237789597781613,-0.0270765803617612,0.00429921733921834,0.232320364437586,0.331201675124973,0.1280978426697,0.246456829039025,-0.213430872108139,0.321828917733517,0.5,0.1017334688731,0.243265899811375,-0.4658598413607,-0.45159527972028,-0.462666316526611,-0.46049435633662,-0.461638818951705,-0.478066413429727,-0.462510251103214,-0.467536479870716,-0.481934857635893,-0.449132892130815
Romania,-0.920084913112164,-0.88,-0.0572726750796758,-0.461370919881306,7.28267000940144,49.8448540706605,50.2964669738863,49.7148205928237,97,97,97,-0.011897527554364,-0.724123935854286,-0.563651785714286,0.49715092097445,177.718984044285,167.72772114436,161.57923128793,0.0665196721311475,0.0391421477714628,13.6072702060222,12.8532961931291,0.221287005988024,0.408062626865672,0.245554702380952,0.116294867991694,444.55,445.7,443.18,447.23,436.51,445.54,445.05,438.11,437.6,438.77,-0.0428884452861237,-0.00324675324675316,0.0776163017591806,0.0254561425377132,-0.0974202508640476,-0.327120365631457,-0.320698916129356,-0.286033533314617,0.47939395869239,0.479206371839234,0.478867145084785,-0.0610381474786359,0.0279605449819279,-0.5,0.153413466894899,-0.226774292426054,-0.362546709758058,-0.240448230946067,-0.0494408274924965,-0.0374130899468846,0.156842464823955,-0.0703271665599897,0.205320426645038,0.091740203759364,-0.0756679718056572,0.0282832287483279,-0.187423337967127,-0.149220571095571,-0.146533613445378,-0.220424346335191,-0.211192492561227,-0.183004533758118,-0.200472527043387,-0.168425305385237,-0.211766609145815,-0.182817255205063
Russian Federation,-0.719343725943033,-0.73,-0.0439690094225693,-0.0767200463052286,9.69016697588126,44.5018989190768,44.5162233265127,44.4464023494861,4.4123494551711,6.57943031925062,6.9011661250239,0.1840625,-0.39546156817304,-0.0916773070226349,0.283607411696584,135.239797438189,222.674418604651,280.169902912621,-0.110519791364822,0.497924716487351,13.9460139318885,19.7455303933254,0.0690720511330622,0.544575607638889,0.761466541353384,0.255749711649366,482.17,491.19,477.97,495.91,462.89,486.91,481.37,471,475.15,486.3,0.0189043044656808,0.0454545454545455,0.319978329158463,0.172233535228491,0.122318591484101,-0.407658132372981,-0.407730198088707,-0.38542482401533,-0.474538517158259,-0.460879480173835,-0.473155647070202,0.142803145857324,0.131035920233416,-0.0780482551610193,-0.0132169719145466,-0.396500132497935,-0.140591834287712,0.309666184561728,-0.180030681110958,0.296684970751962,0.202741607260323,0.293382521080913,0.0925343022523157,0.174487824415001,0.309486883138842,0.159402067847955,-0.0336086352113827,0.0164627039627039,0.00573354341736709,-0.0465423631947419,-0.0904325932707715,-0.0140301433647836,-0.0586363103838793,-0.0120965825371929,-0.00927523727351182,0.0467851794599294
Serbia,-0.499844391614437,-0.45,-0.0472422133162515,-0.301423010380623,4.35377358490566,44.2071045576408,44.4135236153585,44.2136693130825,5.75576430401366,7.93637916310845,8.30123825789923,-0.219654498044329,-0.487611195487091,-0.0867428003972195,-0.168394980184941,144.829036635007,153.771399106222,149.682797598022,-0.0497727272727273,0.197449817336433,13.4701605902778,10.5023286759814,0.460288368228647,0.288017596848326,0.267566361556064,-0.0664667535853977,448.86,441.99,456.11,446.11,448.29,450.85,446.84,445.42,446.13,444.8,0.086471242910789,0.136363636363636,0.260348122551437,0.0864900273813609,-0.364748649876478,-0.412101755582324,-0.409276514829641,-0.389815446742767,-0.460697286224006,-0.446771535327654,-0.458361886442757,-0.277150841953975,0.102135874628278,-0.0736367376436201,-0.365919599855969,-0.358186270855006,-0.418922686171157,-0.29563300708649,-0.135221743878054,0.0778709007754482,0.13826436786776,-0.194389935827369,0.38241233852312,0.0189746649131215,-0.059235130462912,-0.143553697274681,-0.169801292010794,-0.1627331002331,-0.0899422268907563,-0.224424917845406,-0.157267109178302,-0.161316015194216,-0.193482250947007,-0.13368030799943,-0.16576790336497,-0.153688227621854
Singapore,-0.38652496382055,-0.32,-0.0457694150797853,-0.284315999275231,9.21830985915493,38.3758480325645,38.3880597014925,38.3731343283582,3.19058781103498,5.3258204111071,6.01803101334295,-0.0528739403882964,0.204383140376266,0.402075983717775,0.832017900732303,222.454545454545,284.563093622795,296.225570032573,0.34306267281106,0.291001029810298,12.3018902217376,15.964236964237,-0.00107059620596208,0.0911861786397159,0.202555227955228,0.359310250817884,573.47,580.37,568.65,579.67,559.47,574.09,581.69,555.13,542.22,551.49,0.121353566475936,0.178571428571429,0.287179101000551,0.0930178235187716,0.0792509000075106,-0.5,-0.5,-0.5,-0.487126352611821,-0.473913029318129,-0.482487230163045,-0.103662580086555,0.31915973514582,0.363374050395499,0.41471399515042,-0.0480330935455197,0.10940486781807,0.384144672728423,0.154545951866571,0.145997461797647,-0.0200340859638851,0.0938401068180353,0.0405609770586634,-0.100335099145832,-0.107769302079674,0.256772208003432,0.339684356856652,0.34127331002331,0.402617296918768,0.252643234747821,0.351682307164111,0.342053669893396,0.333131565587535,0.387779837444745,0.352405090595341,0.361697502536109
Slovak Republic,-0.393878827080638,-0.33,-0.0485449119532907,-0.152423849643552,3.28527185134205,45,45,45,5.75801624625909,7.50555793073963,7.73129542539547,-0.262096615182386,-0.205312838276683,-0.350106171201062,-0.195102445472571,176.602608098833,178.650766609881,160.285215366705,-0.427558530096442,-0.489050348953141,14.1413373860182,7.2270756918973,-0.316158288948069,0.0330641236435383,-0.0586530203545634,-0.18275703994761,481.64,474.21,486.36,489.57,471.6,485.32,480.15,473.39,462.77,471.19,0.119089878398029,0.175324675324675,0.236615965497834,0.143346022852735,-0.462273729762067,-0.400149937463802,-0.400446127270212,-0.374980933179016,-0.46067408441654,-0.451250703582475,-0.464384146037391,-0.321299927649209,0.190670528922992,-0.309087252140523,-0.386759740000782,-0.231234779085907,-0.318423526598441,-0.246450868441999,-0.413888385290494,-0.422057365611713,0.229207570635239,-0.367228119380711,-0.192908327860089,-0.135565900871124,-0.302774761129511,-0.252892655653252,-0.0357756153405839,-0.0453817016317017,0.0424544817927172,-0.0691884554936419,-0.0505607690547035,-0.0205244455336356,-0.0634006326395127,-0.00073672703075256,-0.0760353753235549,-0.0262064634558717
Slovenia,0.236315250767656,0.23,-0.0441598497575971,-0.0220538316475227,3.4918601547905,45,45,45,6.12282185755371,7.91456606327187,8.36457452207748,-0.034073482428115,0.237231609489674,-0.20923670212766,-0.237968085106383,165.610315186246,156.494626696833,175.484949832776,-0.0568202623126339,0.0682954764453962,12.8928757150286,8.02557342472977,0.0686086073242448,-0.220823074894515,0.0981730029000791,-0.367620426428007,501.13,499.26,504.14,503.37,495.88,504.76,491.84,497.79,481.32,514.14,0.31307809524931,0.357142857142857,0.316501659517251,0.193093398046782,-0.443417849453812,-0.400149937463802,-0.400446127270212,-0.374980933179016,-0.456915484668748,-0.446998322071172,-0.457692648401881,-0.0841059913590479,0.32946170036377,-0.183147988570943,-0.420208288103152,-0.275154550107069,-0.407922322751896,-0.175942851857539,-0.14042022647091,-0.0161828357108981,0.0600433450350713,-0.325090642249972,0.0921909060917998,-0.289460142099727,-0.18569602853351,-0.426705712206788,0.043912012429471,0.0458551864801864,0.120273109243698,-0.0198956993856264,0.060585946440833,0.0588775885308173,-0.0177490529933222,0.115238366842531,0.0239969801553063,0.181271436162504
Spain,-0.0178642865681157,-0.11,-0.0438166400350167,-0.110380956172127,6.1687876758205,54.3106409851595,54.3965734441925,54.5143165128343,6.76379725832576,8.33002804882867,8.94607513925651,0.229267938237965,-0.0794798517278489,-0.0443862913390553,-0.163543916486681,205.768583900372,208.148691032452,184.056006099674,0.102687328271873,0.105455958705627,12.794524135708,12.1063842662632,0.0443601076374191,-0.147262941176471,-0.188213594912407,0.0029098434407054,484.32,481.77,490.84,476.9,486.79,481.34,476.57,495.08,487.94,496.45,0.234835793486963,0.246753246753247,0.322754147089598,0.159389002886917,-0.199087342412253,-0.259804714529527,-0.258964922884501,-0.195488691927754,-0.450311501876013,-0.442678841049871,-0.451548264313905,0.189826689950721,0.23013437870611,-0.0357694297503541,-0.362134259456408,-0.114701951131006,-0.199267900428604,-0.1361837245674,-0.0227624314565318,0.0108784475730911,0.0467168896548732,-0.109742412142895,0.0742235893808947,-0.244871517590893,-0.399498426939822,-0.0783241317453887,-0.0248180554419822,-0.0178467365967367,0.0620623249299719,-0.114444920702958,0.018974593728542,-0.0367806232896297,-0.0773811848322724,0.102357526498408,0.0596958584987057,0.0958166272160764
Sweden,0.400378331900258,0.43,-0.0399271498907952,0.28955589254766,3.60278514588859,61.5656836461126,59.0969148222669,64.8426395939086,10.6727195945946,12.2461993243243,12.5044341216216,-0.135516322451699,0.568149183147034,0.182723459180381,0.128271525314415,178.03839619436,181.49337860781,187.857731958763,-0.0121800519818064,-0.250111107470511,14.1195507117438,7.07342772472835,0.120331527093596,0.443348440065681,-0.0393966196258615,0.228696791093648,478.26,469.06,481.75,468.6,482.61,473.83,479.1,484.84,483.34,484.8,0.36358048122651,0.422077922077922,0.393611664198013,0.311999309865582,-0.433293421688898,-0.15044483465959,-0.188193384392992,-0.00063981805558444,-0.410037794311315,-0.401963136391607,-0.413949122258617,-0.189628734788667,0.433244355258795,0.16726984425291,-0.134427337887481,-0.225498079300713,-0.30694091488248,-0.118548406626777,-0.10749220908154,-0.248055250780632,0.22625551694574,-0.375336267264613,0.130515837230264,0.113128771122424,-0.28839886263455,0.133966253325603,-0.0495952244664323,-0.064138986013986,0.0222776610644257,-0.144092013144735,-0.000160219729915312,-0.0674549687538292,-0.0675010739250985,0.0536860116925707,0.0348899913718721,0.0395391526979373
Switzerland,0.0578923766816144,0.13,-0.0412403432087709,0.109549176639971,4.05181134654819,46.6172123221439,46.6356954652614,47.6616551917943,5.28738088877015,7.15860717784309,7.58010508504764,0.0567526265520535,0.215437415881561,-0.0530600945307225,0.0105825242718447,225.895487963096,221.421584186986,151.330601492756,-0.0235255132360886,-0.176905875186138,13.9488625940194,7.2984406779661,-0.0167058002439355,0.0955018908698001,-0.00658566805986247,-0.051781469475959,530.93,529.59,531.14,544.23,521.53,529.35,538.37,528.91,509.04,515.3,0.258155435062452,0.324675324675325,0.369688318323655,0.24331126508844,-0.392309570456389,-0.375772665883347,-0.375817983212395,-0.324767504272298,-0.46552305022516,-0.454857886055389,-0.465981687800967,0.010373029460921,0.322626586565045,-0.0435239303777174,-0.226261409328402,-0.0342847875028838,-0.145652606272394,-0.28798922984833,-0.115860976672526,-0.19474519105523,0.203127595660742,-0.363462121877195,0.0289758205987559,-0.0977191214091279,-0.263903791313521,-0.129746235634951,0.165753536675116,0.156322843822844,0.238445378151261,0.12605372196028,0.178004119935912,0.159314626475514,0.163959073690788,0.263154142307144,0.173479292493529,0.186875030191778
Thailand,-1.06041976056978,-1.09,-0.0756987014987862,-1.1001229881567,5.94076328728635,53.3613827609734,53.3613827609734,53.3613827609734,97,97,97,0.00927446954141,-1.26214654126214,0.388963400772903,0.762308566234947,137.663827773835,212.221565381887,283.040134583033,0.260538482507951,0.246069736243747,10.758872810358,15.1986111111111,-0.278383625198999,0.879750695870408,0.555556135948905,0.604204519516092,426.74,413.65,418.52,432.16,432.93,425.68,415.69,431.86,441.22,444,-0.0860867357450725,-0.0714285714285714,-0.258063294748329,-0.218282711570883,-0.219899752920459,-0.274113488469789,-0.274551458284937,-0.217239351878639,0.47939395869239,0.479206371839234,0.478867145084785,-0.0390146392950065,-0.140774568616421,0.351651218965562,0.360319005409504,-0.386814905026602,-0.18281569564071,0.322980518616074,0.093673524223282,0.113277260401828,-0.229110064465248,0.0534373097276126,-0.164918581855464,0.377654885137792,0.155764122127803,0.487027761497752,-0.26024204759179,-0.265952797202797,-0.254464285714286,-0.274253464780683,-0.227580682078279,-0.264122043867173,-0.315128675752724,-0.198132040496221,-0.192245470232959,-0.15755277522825
Tunisia,-1.73793024323084,-1.64,-0.0801758615127987,-1.22476607513252,3.54337899543379,72.4328564836179,71.6883656509695,71.6444153577662,97,97,97,0.171514930808449,-1.56140480591497,0.400877622377622,0.5960899895361,306.565175097276,276.373546511628,179.329286061195,0.404056478523252,0.129563426925846,11.8202142524453,12.0586419753086,0.252175877034358,0.593755751587862,0.198489876977153,-0.0946153846153846,387.82,379.12,377.83,382.36,399.39,390.29,372.66,385.3,404.08,398.05,-0.29464002916575,-0.25,-0.339626798067988,-0.265844769998453,-0.438715583756411,0.0133629844772422,0.00139206809014825,0.1276790133283,0.47939395869239,0.479206371839234,0.478867145084785,0.129750929218302,-0.234628203712595,0.362302698699055,0.230616751909632,0.288031422177541,0.0763235363962633,-0.158109874370027,0.199536893447059,0.0284341677114518,-0.085300280536722,-0.112261817784952,0.228208033552666,0.204298468591321,-0.110804296720188,-0.170019725460519,-0.419371984626707,-0.391717657342657,-0.432554271708684,-0.452136019431347,-0.381116960402838,-0.408671322958788,-0.483168664818214,-0.419435334379011,-0.392525884383089,-0.37952272837061
Turkey,-1.5432502596054,-1.47,-0.0639883967995823,-1.45632542655015,4.2325208466966,42.2090805036246,42.3490823896915,42.2984293193717,4.36881188118812,5.69760726072607,6.16068481848185,0.0853120100344936,-1.40935254803676,0.0468932955618508,0.436750471401634,198.227535037098,170.780631578947,166.698890649762,0.257239303638645,0.452682253521127,8.75965754854876,11.3439974659487,0.20916600877193,0.317881010671689,0.382846390458255,0.181199372056515,447.98,448.17,441.66,442.86,447.29,448.19,449.32,446.37,475.49,463.41,-0.234713057130277,-0.194805194805195,-0.0447286198163605,-0.354204579345213,-0.375815719408267,-0.442219244994267,-0.440360146828643,-0.425947387333714,-0.474987085682223,-0.470047630565109,-0.480979889079493,0.0400810354180197,-0.186941443438802,0.0458357898110655,0.10628230636166,-0.144832256242795,-0.350214606344189,-0.216699327437479,0.0912399465502815,0.263738167257309,-0.5,-0.149974281366963,0.196339178376228,0.037076433877079,0.0268273698632218,0.0893080236002504,-0.173399296753618,-0.140224358974359,-0.153186274509804,-0.236033719102729,-0.161844815747311,-0.172180696810031,-0.18379739914867,-0.12916488426256,-0.00744176013805004,-0.0637891889280711
United Arab Emirates,0.577769695907458,0.37,-0.0717386890250674,0.292867304821287,6.0612676056338,47.2198187664426,48.0538314458009,48.7118900135972,97,97,97,-0.0160170657858519,0.192248946629213,0.352907254849854,0.714705648369133,268.23877834336,296.731889702446,297.135955606333,0.674678409703504,0.397947909004223,14.0298968162977,15.3755017301038,0.3639761032928,0.892992304598472,0.551379145459416,0.384344809180678,434.01,442.36,431.29,424.62,431.92,440.01,425.99,427.65,441.7,448.37,0.41818561891055,0.402597402597403,-0.185921023858931,0.313262898467704,-0.208900993719387,-0.366689195056631,-0.354465562811378,-0.304954309940237,0.47939395869239,0.479206371839234,0.478867145084785,-0.0653233683552275,0.315354198836093,0.319416523296056,0.323173905006245,0.13489807839894,0.15856020823566,0.388367738682382,0.399156106479634,0.223879115053334,0.214107581492387,0.0627719942307318,0.311048213336144,0.385681313171917,0.152645782821444,0.280310309254035,-0.230517622045956,-0.161385489510489,-0.198573179271709,-0.301185883697671,-0.232204165712978,-0.205591635012049,-0.274905299332214,-0.218142497266981,-0.189657031924073,-0.136442683928313
United Kingdom,0.32740746649649,0.22,-0.0463213984081814,0.237421363305571,5.07307221542228,56.7598435133771,56.8879657603223,57.1493282149712,97,97,97,0.145784515038048,0.288385345997286,0.328637670740475,0.127057272945123,230.741038397755,230.146636143965,284.280248994942,0.247365762304922,0.0915364162546726,14.2422323539345,8.75163954335681,-0.0402461974207545,-0.107512344786016,0.0953998313253012,0.319052707407852,493.93,496.06,494.15,475.37,502.33,491.66,488.61,501.12,499.32,514.13,0.341118372236048,0.353896103896104,0.27712324105873,0.29210550278756,-0.299096293685377,-0.222886324551675,-0.221452824716291,-0.145777905503754,0.47939395869239,0.479206371839234,0.478867145084785,0.102985668495651,0.345504579331744,0.297719177732252,-0.135374832877165,-0.0149243622254602,-0.110408125528429,0.328733119605039,0.0839569131971214,0.000741854651316598,0.242878650421754,-0.286775449593727,0.0115331838567312,-0.220776612825632,-0.187766344457539,0.218921085600801,0.014473791806362,0.0342001748251748,0.0765493697478991,-0.11990998714102,0.0901121538109406,0.00537107380631474,-0.0303627914242199,0.131066115309663,0.121063416738568,0.181223129317424
United States of America,0.536442463533225,0.57,-0.0539220715036543,0.188905391658189,6.08398376522011,65.34144,65.5068712048578,65.5405144694534,97,97,97,0.10057267351385,-0.0216338542723767,0.140712093308778,0.0910211591536338,258.757082383588,254.948684637869,254.602354480052,0.282242848278002,0.377949312929419,13.6945984801807,10.5355056870581,0.185909436929852,0.284158300214002,0.274767430491904,0.163284403669725,481.37,,,,,,,,497.58,497.41,0.405464147228289,0.467532467532467,0.138656551614083,0.273592486669701,-0.206827627613598,-0.0935304537832928,-0.0916807189564948,0.0125259332998069,0.47939395869239,0.479206371839234,0.478867145084785,0.055955463583906,0.248276090325197,0.129711099166244,-0.163494223976286,0.0970139063925162,-0.0102212928465872,0.191064301553069,0.109683344253363,0.209315588404986,0.168675282934679,-0.192639153717377,0.179106846591035,0.0166353444171086,-0.0538591602836798,0.072463934174797,-0.0368795486139504,,,,,,,,0.111680327868852,0.100454084343752
Uruguay,-0.723930131004367,-0.73,-0.0508396646025429,-0.878796436694466,4.68489162083468,43.3884225759769,43.4476878612717,43.3419298753984,14.9809971777987,16.9922859830668,17.8521166509878,0.021142684401451,-0.570048113933795,0.196836586076318,0.266934264107039,139.161391304348,156.538775510204,154.197560015742,0.0649919254658385,0.259285795454546,11.4457483647557,9.47159800249688,0.0327100749625187,0.231636269276394,0.0989277172312224,0.324651972157773,409.29,401.39,410.98,412.66,406.87,407.72,405.99,409.25,411.35,415.84,0.0174925036080092,0.0454545454545455,0.194810878179245,-0.133827595546189,-0.334526599793473,-0.424442270635158,-0.423818795219248,-0.406261238224053,-0.365649521389238,-0.352618955791275,-0.357443222745753,-0.0266690997640495,0.0762819371561566,0.1798871758836,-0.0262272193745402,-0.380831381127374,-0.407743985475464,-0.274690079160079,-0.0505677412858911,0.122901557516619,-0.13603970920855,-0.248782563878845,0.0655913098804829,-0.0152009913472444,-0.185132595274613,0.224185650635367,-0.331588846185297,-0.310606060606061,-0.287464985994398,-0.343906272324618,-0.346875715266651,-0.337479067107789,-0.353008942867185,-0.305599125433718,-0.353321829163071,-0.293584850973383
Vietnam,-2.13778136345301,-2.04,-0.0814411077434093,-1.83840290381125,5.79638854296389,49.3235969806367,49.792131147541,46.0695006747638,97,97,97,0.143382888349515,-2.28445667686035,0.368930317848411,0.691956588199327,193.068267581475,226.802486187845,237.755484643,-0.00204967880085654,0.449540851976709,9.69536155560057,17.3515337423313,-0.613145702885206,0.298133515316955,0.296951301452785,0.226764261998189,511.34,509.41,508.97,506.91,519.45,523.09,497.08,496.61,508.22,528.42,-0.417723391171823,-0.37987012987013,-0.362676658874306,-0.5,-0.233077231282193,-0.334977605817398,-0.328292539544315,-0.35480427909418,0.47939395869239,0.479206371839234,0.478867145084785,0.100487451403061,-0.461392355172329,0.333741364352394,0.305422553577134,-0.165446139723687,-0.123916678751327,0.112915608855923,-0.100019728513213,0.26145051241723,-0.373213853959632,0.167049063909416,-0.412965939435138,0.0251064494458765,-0.0372977539413411,0.132149242421737,0.0856570447297408,0.0828234265734266,0.141412815126051,-0.00725103586226583,0.168482490272374,0.133745864477393,0.00271410161284025,0.109629735253577,0.16905737704918,0.25025361093667
